deployment_name,year,glider,ru_glider,project,nDays,ctd,currents,echosounder,optics,oxygen,pam,ph,telemetry
bios_jack-20250504T1823,2025,bios_jack,False,MAGIC,ongoing,1,0,0,1,1,0,0,0
electa-20250501T1748,2025,electa,False,MARACOOS,ongoing,1,0,0,2,0,0,0,0
ru39-20250423T1535,2025,ru39,True,RMI,ongoing,1,0,1,1,0,0,1,1
ru43-20250423T1533,2025,ru43,True,RMI,ongoing,1,0,0,1,1,1,0,1
ru38-20250414T1500,2025,ru38,True,UGOS GrASE,ongoing,1,1,0,0,1,0,0,0
ru36-20250408T1846,2025,ru36,True,Challenger,19.991666666666667,1,0,0,0,1,1,0,0
maracoos_05-20250404T1319,2025,maracoos_05,True,MARACOOS,27.170833333333334,1,1,0,1,1,0,0,0
bios_minnie-20250403T2117,2025,bios_minnie,False,MAGIC,19.60486111111111,1,0,0,2,1,0,0,0
bios_jack-20250403T1914,2025,bios_jack,False,MAGIC,19.645833333333332,1,1,0,1,1,0,0,0
ru44-20250325T0438,2025,ru44,True,Seaforestation,28.66736111111111,1,0,0,2,1,0,0,0
uvi_01-20250318T2008,2025,uvi_01,False,Caribbean PAM,26.927777777777777,1,0,0,0,1,1,0,0
ru34-20250311T1220,2025,ru34,True,Cod Monitoring,17.995833333333334,1,0,0,1,1,1,0,1
ru44-20250311T0126,2025,ru44,True,Seaforestation,13.03888888888889,1,0,0,2,1,0,0,0
uvi_02-20250306T1911,2025,uvi_02,False,Caribbean PAM,18.040277777777778,1,0,0,0,1,1,0,0
ru44-20250306T0038,2025,ru44,True,Seaforestation,4.200694444444444,1,0,0,2,1,0,0,0
ru23-20250226T1720,2025,ru23,True,MOO Endurance Line,12.915277777777776,1,0,0,2,0,0,0,0
ru40-20250226T1704,2025,ru40,True,RMI,29.961111111111112,1,0,0,1,1,1,0,1
ru39-20250226T1700,2025,ru39,True,RMI,29.97361111111111,1,0,1,1,0,0,1,1
unit_1190-20250224T1405,2025,unit_1190,False,Cod Monitoring,14.940277777777778,1,0,0,0,0,1,0,1
uvi_02-20250211T1347,2025,uvi_02,False,Caribbean PAM,21.052083333333332,1,0,0,1,1,1,0,0
sbu01-20250205T1835,2025,sbu01,False,NYDEC,13.973611111111111,1,0,0,1,1,1,1,0
maracoos_06-20250116T1522,2025,maracoos_06,False,NYSERDA GLIDE,26.032638888888886,1,0,0,1,1,1,0,0
ru34-20250113T1244,2025,ru34,True,Cod Monitoring,42.08472222222222,1,0,0,1,1,1,0,1
ru26d-20250107T1348,2025,ru26d,False,LTER,74.08680555555556,1,0,0,1,0,0,0,0
unit_1190-20241218T1433,2024,unit_1190,False,Cod Monitoring,19.145833333333332,1,0,0,0,0,1,0,1
maracoos_04-20241203T1457,2024,maracoos_04,True,NYSERDA GLIDE,34.03958333333333,1,0,0,1,1,1,0,0
uvi_02-20241105T1313,2024,uvi_02,False,MRI,13.983333333333334,1,0,0,1,1,1,0,0
ru34-20241102T1737,2024,ru34,True,Cod Monitoring,45.86597222222222,1,0,0,1,1,1,0,1
maracoos_06-20241028T2024,2024,maracoos_06,False,NYDEC,27.88888888888889,1,0,0,1,1,1,0,0
uvi_01-20241026T1158,2024,uvi_01,False,Caribbean PAM,19.134722222222223,1,0,0,0,1,1,0,0
ru23-20241022T1512,2024,ru23,True,MOO Endurance Line,13.010416666666666,1,0,0,2,0,0,0,0
maracoos_01-20241022T1346,2024,maracoos_01,False,Hurricane Gliders,28.130555555555556,1,0,0,1,0,0,0,0
ru39-20241021T1717,2024,ru39,True,RMI,29.097916666666666,1,0,1,1,0,0,1,1
ru32-20241021T1701,2024,ru32,True,NJDEP,29.086111111111112,1,0,0,1,1,0,0,0
ru40-20241021T1654,2024,ru40,True,RMI,29.079166666666666,1,0,0,1,1,1,0,1
maracoos_05-20241011T1741,2024,maracoos_05,True,Hurricane Gliders,39.047916666666666,1,1,0,1,1,0,0,0
uvi_01-20241004T1402,2024,uvi_01,False,Caribbean PAM,19.897916666666667,1,0,0,0,1,1,0,0
sylvia-20240926T1623,2024,sylvia,False,Hurricane Gliders,25.84097222222222,1,1,0,2,0,1,0,0
ud_orris-20240907T1638,2024,ud_orris,False,PACE-PAX,23.920833333333334,1,0,1,3,0,0,0,0
ru43-20240904T1539,2024,ru43,True,RMI,30.98888888888889,1,0,1,1,0,0,1,1
ru32-20240904T1537,2024,ru32,True,NJDEP,30.018055555555552,1,0,0,1,1,0,1,1
uvi_01-20240828T1337,2024,uvi_01,False,Caribbean PAM,22.96597222222222,1,0,0,0,1,1,0,0
sbu02-20240822T1916,2024,sbu02,False,NYDEC,17.869444444444444,1,0,0,1,1,1,1,0
ru36-20240821T1852,2024,ru36,True,Challenger,21.78611111111111,1,0,0,0,1,1,0,0
bios_jack-20240812T1810,2024,bios_jack,False,Hurricane Gliders,22.70625,1,1,0,1,1,0,0,0
sbu02-20240812T1613,2024,sbu02,False,NYDEC,1.9270833333333333,1,0,0,1,1,1,1,0
uvi_01-20240809T1334,2024,uvi_01,False,Caribbean PAM,16.910416666666666,1,0,0,0,1,1,0,0
maracoos_01-20240805T1617,2024,maracoos_01,False,Hurricane Gliders,21.85763888888889,1,0,0,1,0,0,0,0
maracoos_05-20240801T1650,2024,maracoos_05,True,Hurricane Gliders,33.89652777777778,1,1,0,1,1,0,0,0
ru40-20240723T1600,2024,ru40,True,RMI,30.949305555555554,1,0,0,1,1,1,0,1
ru32-20240723T1443,2024,ru32,True,NJDEP,23.09861111111111,1,0,0,1,1,0,1,1
ru39-20240723T1442,2024,ru39,True,RMI,31.030555555555555,1,0,1,1,0,0,1,1
sylvia-20240721T1129,2024,sylvia,False,NESMA,1.551388888888889,1,0,0,2,0,1,0,0
electa-20240720T2316,2024,electa,False,NESMA,23.455555555555552,1,0,0,2,0,1,0,0
maracoos_06-20240719T1424,2024,maracoos_06,False,NYSERDA GLIDE,34.014583333333334,1,0,0,1,1,1,0,0
electa-20240711T1659,2024,electa,False,NESMA,4.684027777777778,1,0,0,2,0,1,0,0
sylvia-20240711T1638,2024,sylvia,False,NESMA,4.613194444444445,1,0,0,2,0,1,0,0
ud_476-20240709T1216,2024,ud_476,False,Hurricane Gliders,27.13611111111111,1,0,0,1,0,0,0,1
maracoos_05-20240619T1716,2024,maracoos_05,True,Hurricane Gliders,19.949305555555558,1,1,0,1,1,0,0,0
ru43-20240612T1658,2024,ru43,True,RMI,26.946527777777778,1,0,0,1,1,0,1,1
maracoos_02-20240502T1359,2024,maracoos_02,True,NYSERDA GLIDE,34.03958333333333,1,0,0,1,1,1,0,1
ru32-20240429T1543,2024,ru32,True,NJDEP,30.06041666666667,1,0,0,1,1,0,0,1
ru40-20240429T1528,2024,ru40,True,RMI,30.074305555555554,1,0,0,1,1,1,0,1
ru39-20240429T1522,2024,ru39,True,RMI,30.08263888888889,1,0,1,1,0,0,1,1
blue-20240422T1450,2024,blue,False,MARACOOS,24.93958333333333,1,0,0,1,1,0,0,0
ru29-20240419T1430,2024,ru29,True,Challenger,94.89166666666667,1,1,0,0,1,0,0,0
sbu01-20240402T1429,2024,sbu01,False,NYSERDA GLIDE,4.058333333333334,1,0,0,1,1,1,1,1
ru23-20240401T1646,2024,ru23,True,MOO Endurance Line,21.039583333333333,1,0,0,2,0,0,0,0
sbu02-20240322T1541,2024,sbu02,False,NYDEC,15.00138888888889,1,0,0,1,1,1,1,0
maracoos_02-20240301T1425,2024,maracoos_02,True,Invenergy,39.11875,1,0,0,1,1,1,0,2
ru34-20240301T1336,2024,ru34,True,Cod Monitoring,39.015972222222224,1,0,0,1,1,1,0,1
ru39-20240215T1646,2024,ru39,True,RMI,28.09097222222222,1,0,1,1,0,0,1,1
ru40-20240215T1642,2024,ru40,True,RMI,28.09097222222222,1,0,0,1,1,1,0,1
sbu01-20240212T1649,2024,sbu01,False,NYDEC,18.102777777777778,1,0,0,1,1,1,1,1
ru38-20240128T1523,2024,ru38,True,UGOS,67.01736111111111,1,1,0,0,0,0,0,0
stommel-20240128T1522,2024,stommel,False,UGOS,86.12361111111112,1,0,0,0,0,0,0,0
maracoos_01-20240124T1612,2024,maracoos_01,False,MARACOOS,25.91111111111111,2,0,0,1,0,0,0,0
maracoos_02-20240124T1445,2024,maracoos_02,True,NYSERDA GLIDE,33.21180555555556,1,0,0,1,1,1,0,1
ru34-20240112T1722,2024,ru34,True,Cod Monitoring,47.173611111111114,1,0,0,1,1,1,0,1
ru40-20231115T1612,2023,ru40,True,RMI,20.19236111111111,1,0,0,1,1,1,0,1
um_242-20231109T1440,2023,um_242,False,NOAA OAP,28.980555555555554,1,0,0,1,1,0,1,0
ru40-20231103T1421,2023,ru40,True,RMI,6.967361111111111,1,0,0,1,1,1,0,1
ru32-20231103T1418,2023,ru32,True,NJDEP,17.163888888888888,1,0,0,1,1,0,0,1
ru39-20231103T1413,2023,ru39,True,RMI,32.293749999999996,1,0,1,1,0,0,1,1
uvi_02-20231102T1447,2023,uvi_02,False,CHAOS,22.569444444444443,1,1,0,0,1,0,0,0
ru23-20231019T1528,2023,ru23,True,MOO Endurance Line,26.990972222222222,1,0,0,2,0,0,0,0
sbu02-20231018T1827,2023,sbu02,False,NYSERDA GLIDE,18.989583333333332,1,0,0,1,1,1,1,0
ru39-20231018T1426,2023,ru39,True,RMI,1.059027777777778,1,0,1,1,0,0,1,1
ru40-20231018T1419,2023,ru40,True,RMI,1.065972222222222,1,0,0,1,1,1,0,1
sbu01-20231011T1802,2023,sbu01,False,NYDEC,18.958333333333332,1,0,0,1,1,1,1,0
uvi_01-20230921T1324,2023,uvi_01,False,CHAOS,32.96597222222222,1,1,0,0,1,0,0,0
ru34-20230920T1506,2023,ru34,True,RMI,29.04513888888889,1,0,0,1,1,0,1,1
sylvia-20230911T1409,2023,sylvia,False,MARACOOS,76.00555555555556,1,0,0,0,0,1,0,0
bill-20230907T1530,2023,bill,False,MARACOOS,1.8979166666666665,1,0,0,0,1,0,0,0
ru28-20230906T1601,2023,ru28,True,NJDEP,14.159027777777778,1,0,0,1,1,0,0,1
ud_476-20230822T2018,2023,ud_476,False,Geolocation Validation,28.849305555555556,1,0,0,1,0,0,0,1
ru40-20230817T1522,2023,ru40,True,RMI,33.980555555555554,1,0,0,1,1,1,0,1
ru39-20230817T1520,2023,ru39,True,RMI,33.97777777777778,1,0,1,1,0,0,1,1
um_242-20230803T1952,2023,um_242,False,NOAA OAP,18.880555555555556,1,0,0,1,1,0,1,0
sbu02-20230803T1544,2023,sbu02,False,NYSERDA GLIDE,20.87986111111111,1,0,0,1,1,1,1,0
bill-20230802T1140,2023,bill,False,MARACOOS,22.090277777777775,1,0,0,0,1,0,0,0
sbu01-20230706T1704,2023,sbu01,False,NYDEC,26.125,1,0,0,1,1,1,1,0
ru40-20230629T1430,2023,ru40,True,RMI,34.19444444444444,1,0,0,1,1,1,0,1
bios_jack-20230626T1423,2023,bios_jack,False,BIOS-SCOPE,32.28263888888889,0,0,0,0,0,0,0,0
ru30-20230612T0105,2023,ru30,True,PASSENGERS,2.154166666666667,1,0,0,1,0,1,0,0
ru36-20230611T2254,2023,ru36,True,PASSENGERS,2.2819444444444446,1,1,0,0,0,1,0,0
sylvia-20230609T2228,2023,sylvia,False,PASSENGERS,4.204166666666667,1,0,0,0,0,1,0,0
usf-murphy-20230609T1618,2023,usf-murphy,False,PASSENGERS,0.8055555555555555,1,0,0,0,0,1,0,0
d639sg17-20230609T1249,2023,d639sg17,False,PASSENGERS,4.467361111111111,1,0,0,0,0,1,0,0
ru29-20230530T1910,2023,ru29,True,Challenger,27.13888888888889,1,0,0,0,1,0,0,0
e640sg17-20230528T1737,2023,e640sg17,False,PASSENGERS,3.8631944444444444,1,0,0,0,0,1,0,0
d639sg17-20230528T1443,2023,d639sg17,False,PASSENGERS,4.020833333333333,1,0,0,0,0,1,0,0
angus-20230526T0051,2023,angus,False,PASSENGERS,17.652083333333334,1,1,0,1,0,1,0,2
ru30-20230525T1918,2023,ru30,True,PASSENGERS,16.459722222222222,1,0,0,1,0,1,0,0
ru36-20230525T1748,2023,ru36,True,PASSENGERS,16.302777777777777,1,1,0,0,0,1,0,0
f641sg17-20230523T2157,2023,f641sg17,False,PASSENGERS,21.138194444444444,1,0,0,0,0,1,0,0
electa-20230523T1947,2023,electa,False,PASSENGERS,20.327083333333334,1,0,0,2,0,1,0,0
maracoos_02-20230505T1613,2023,maracoos_02,True,NYSERDA GLIDE,32.11597222222222,1,0,0,1,1,1,0,1
sbu02-20230420T1741,2023,sbu02,False,NYDEC,29.081944444444446,1,0,0,1,1,1,1,0
ru41-20230420T1638,2023,ru41,True,RMI,4.177777777777778,1,0,0,1,1,1,0,1
ru39-20230420T1636,2023,ru39,True,RMI,22.288888888888888,1,0,1,1,0,0,1,1
ru38-20230420T1602,2023,ru38,True,SWOT,103.30902777777777,1,0,0,0,0,0,0,0
bios_minnie-20230414T1401,2023,bios_minnie,False,BIOS-SCOPE,19.13888888888889,1,0,0,2,1,0,0,0
bios_jack-20230406T1530,2023,bios_jack,False,BIOS-SCOPE,32.077777777777776,1,1,0,1,1,0,0,0
ru32-20230330T1626,2023,ru32,True,SWOT,124.13263888888889,1,0,0,0,0,0,0,0
unit_648-20230324T1507,2023,unit_648,False,MARACOOS,40.15347222222222,1,0,0,1,1,0,0,0
electa-20230321T1540,2023,electa,False,MARACOOS,23.088194444444444,1,0,0,2,0,1,0,0
ru23-20230320T1731,2023,ru23,True,MOO Endurance Line,24.111805555555552,1,0,0,2,0,0,0,0
ru34-20230303T1521,2023,ru34,True,Cod Monitoring,24.144444444444446,1,0,0,1,1,1,0,0
bios_jack-20230223T1357,2023,bios_jack,False,BIOS-SCOPE,24.039583333333336,0,0,0,0,0,0,0,0
sbu02-20230222T2011,2023,sbu02,False,NYDEC,24.0125,0,0,0,1,1,1,1,0
maracoos_04-20230221T1724,2023,maracoos_04,True,MARACOOS,27.169444444444448,1,0,0,1,1,0,0,0
ru28-20230130T1445,2023,ru28,True,NJDEP,35.355555555555554,1,0,0,1,1,0,0,1
ru33-20230122T1352,2023,ru33,True,CAREER,45.27777777777778,1,1,0,1,0,0,0,0
maracoos_01-20230118T1721,2023,maracoos_01,False,MARACOOS,21.129166666666666,1,0,0,1,0,0,0,0
ru33-20230113T1558,2023,ru33,True,CAREER,1.1506944444444445,1,1,0,1,0,0,0,0
ud_476-20230113T1454,2023,ud_476,False,CAREER,9.036111111111111,1,1,0,2,1,0,0,0
bios_minnie-20230111T1301,2023,bios_minnie,False,BIOS-SCOPE,85.24027777777778,1,0,0,2,1,0,0,0
bios_jack-20230110T2006,2023,bios_jack,False,BIOS-SCOPE,30.929166666666664,1,0,0,1,1,0,0,0
um_242-20221205T1652,2022,um_242,False,NOAA OAP,29.193055555555556,1,0,0,1,1,0,1,0
ru28-20221129T1452,2022,ru28,True,NJDEP,21.252083333333335,1,0,0,1,1,0,0,1
ru29-20221116T1326,2022,ru29,True,Challenger,21.459722222222222,1,0,0,0,1,1,0,0
sylvia-20221105T2011,2022,sylvia,False,PASSENGERS,1.0097222222222222,1,0,0,2,0,1,0,0
e640sg17-20221105T1234,2022,e640sg17,False,PASSENGERS,5.184722222222223,1,0,0,0,0,1,0,0
electa-20221105T1025,2022,electa,False,PASSENGERS,5.454861111111111,1,0,0,2,0,1,0,0
f641sg17-20221104T1413,2022,f641sg17,False,PASSENGERS,3.428472222222222,1,0,0,0,0,1,0,0
usf-murphy-20221104T1001,2022,usf-murphy,False,PASSENGERS,7.6506944444444445,1,0,0,0,0,1,0,0
sylvia-20221102T2016,2022,sylvia,False,PASSENGERS,0.8902777777777778,1,0,0,2,0,1,0,0
ru32-20221102T1720,2022,ru32,True,PASSENGERS,3.213888888888889,1,0,0,1,0,1,0,0
ru36-20221102T1157,2022,ru36,True,PASSENGERS,8.720833333333333,1,1,0,0,0,1,0,0
maracoos_04-20221021T1433,2022,maracoos_04,True,MARACOOS,24.52638888888889,1,0,0,1,1,0,0,0
sbu01-20221011T1852,2022,sbu01,False,NOAA OAP,17.880555555555556,1,0,0,1,1,0,1,1
ru23-20221011T1759,2022,ru23,True,MOO Endurance Line,21.04375,1,0,0,2,0,0,0,0
ru30-20221011T1527,2022,ru30,True,NOAA OAP,27.397916666666664,1,0,0,1,1,0,1,0
ru29-20221005T1517,2022,ru29,True,Challenger,3.9993055555555554,1,0,0,0,1,1,0,0
frank-20220930T1632,2022,frank,False,MARACOOS,18.079166666666666,1,0,0,1,1,0,0,0
maracoos_01-20220914T1748,2022,maracoos_01,False,Hurricane Gliders,26.138194444444448,2,0,0,1,0,0,0,0
ru28-20220906T1535,2022,ru28,True,NJDEP,35.324999999999996,1,0,0,1,1,0,0,1
ru30-20220906T1523,2022,ru30,True,NOAA OAP,10.377083333333333,1,0,1,1,0,0,1,0
um_242-20220903T1654,2022,um_242,False,NOAA OAP,33.09444444444444,1,0,0,1,1,0,1,0
unit_308-20220826T2012,2022,unit_308,False,Hurricane Gliders,61.75833333333333,1,0,0,1,0,0,0,0
bill-20220825T1421,2022,bill,False,MARACOOS,26.202083333333334,1,0,0,0,1,0,0,0
sbu01-20220805T1532,2022,sbu01,False,NOAA OAP,30.144444444444446,1,0,0,1,1,0,1,1
ru26d-20220714T2322,2022,ru26d,False,NOAA OAP/AOOS,28.974305555555556,1,0,0,1,1,0,1,0
ru29-20220629T1409,2022,ru29,True,Challenger,1.8270833333333334,1,1,0,0,1,0,0,0
bios_jack-20220627T1322,2022,bios_jack,False,BIOS-SCOPE,23.350694444444443,0,0,0,0,0,0,0,0
ru34-20220520T1538,2022,ru34,True,ECO-PAM,21.139583333333334,1,0,0,1,1,1,0,1
ru28-20220520T1425,2022,ru28,True,ROWLRS,21.195833333333333,1,0,1,1,0,0,0,0
ru29-20220519T1537,2022,ru29,True,Challenger,2.0395833333333333,1,1,0,0,1,1,0,0
um_242-20220513T1603,2022,um_242,False,NOAA OAP,37.15902777777778,1,0,0,1,1,0,1,0
maracoos_02-20220420T2011,2022,maracoos_02,True,NOAA OAP,28.014583333333334,1,0,0,1,1,0,1,0
ru36-20220413T2107,2022,ru36,True,Glider Onboard Processing,23.875694444444445,1,1,0,0,1,0,0,0
electa-20220412T2004,2022,electa,False,MARACOOS,18.906944444444445,1,0,0,2,1,0,0,0
ud_476-20220412T1700,2022,ud_476,False,MARACOOS,11.042361111111111,1,0,0,2,1,0,0,1
ru34-20220330T1435,2022,ru34,True,ECO-PAM,23.19861111111111,1,0,0,1,1,1,0,1
bios_anna2-20220324T1530,2022,bios_anna2,False,BIOS,77.07013888888889,1,0,0,2,1,0,0,0
bios_minnie-20220324T1344,2022,bios_minnie,False,BIOS,77.12638888888888,1,0,0,2,1,0,0,0
ud_476-20220305T1558,2022,ud_476,False,MARACOOS,25.077083333333334,1,0,0,1,1,0,0,1
blue-20220301T1433,2022,blue,False,MARACOOS,19.900694444444444,1,0,0,1,1,0,0,0
ru36-20220223T1807,2022,ru36,True,Glider Onboard Processing,22.161805555555556,1,1,0,0,1,0,0,0
ru34-20220215T1926,2022,ru34,True,ECO-PAM,29.027083333333334,1,0,0,1,1,1,0,1
ru34-20220113T1949,2022,ru34,True,ECO-PAM,29.034722222222225,1,0,0,1,1,1,0,1
ru32-20220104T1656,2022,ru32,True,NJDEP,20.168055555555558,1,0,0,1,1,0,0,0
um_240-20211205T1918,2021,um_240,False,GoM Whales,30.070833333333336,1,0,0,1,1,1,0,0
ru34-20211120T1900,2021,ru34,True,ECO-PAM,27.277777777777775,1,0,0,1,1,1,0,1
um_242-20211105T1601,2021,um_242,False,NOAA OAP,34.22291666666667,1,0,0,1,1,0,1,0
ru32-20211103T1405,2021,ru32,True,NJDEP,17.402083333333334,1,1,0,1,1,0,0,0
sbu01-20211102T1528,2021,sbu01,False,NYDEC,18.186805555555555,1,0,0,1,1,0,1,0
bios_jack-20211021T1650,2021,bios_jack,False,BIOS,27.1125,0,0,0,0,0,0,0,0
maracoos_02-20211020T1322,2021,maracoos_02,True,Hurricane Gliders,28.290277777777778,1,1,0,1,1,0,0,0
ru30-20211020T1316,2021,ru30,True,NOAA OAP,28.306944444444444,1,0,0,1,1,0,1,0
um_240-20211014T1758,2021,um_240,False,GoM Whales,27.956944444444446,1,0,0,1,1,1,0,0
ru33-20211001T1841,2021,ru33,True,Hurricane Gliders,19.010416666666668,1,1,0,1,0,0,0,0
blue-20210921T1318,2021,blue,False,MARACOOS,42.231944444444444,1,0,0,1,1,0,0,0
ru28-20210921T1309,2021,ru28,True,NJDEP,14.134722222222223,1,1,0,1,1,0,0,0
ru29-20210908T1943,2021,ru29,True,Challenger,29.069444444444443,1,1,0,0,0,1,0,0
comet-20210907T1333,2021,comet,False,Hurricane Gliders,14.320833333333333,1,0,0,1,0,0,0,0
sylvia-20210827T1536,2021,sylvia,False,Hurricane Gliders,18.940277777777776,1,1,0,2,1,0,0,0
electa-20210827T1516,2021,electa,False,Hurricane Gliders,18.980555555555558,1,0,0,2,1,0,0,0
maracoos_02-20210820T1546,2021,maracoos_02,True,Hurricane Gliders,18.087500000000002,1,1,0,1,1,0,0,0
maracoos_01-20210818T1454,2021,maracoos_01,False,Hurricane Gliders,20.10625,1,1,0,1,0,0,0,0
sylvia-20210817T1351,2021,sylvia,False,Hurricane Gliders,1.1402777777777777,1,1,0,2,1,0,0,0
maracoos_01-20210727T1605,2021,maracoos_01,False,Hurricane Gliders,10.008333333333333,1,1,0,1,0,0,0,0
bios_anna2-20210726T1241,2021,bios_anna2,False,BIOS-SCOPE,20.368750000000002,0,0,0,0,0,0,0,0
sbu01-20210720T1628,2021,sbu01,False,NYDEC,31.083333333333332,1,0,0,1,1,0,1,0
maracoos_02-20210716T1814,2021,maracoos_02,True,Hurricane Gliders,28.084027777777777,1,1,0,1,1,0,0,0
ru30-20210716T1804,2021,ru30,True,NOAA OAP,35.12222222222222,1,0,0,1,1,0,1,0
bios_jack-20210709T1801,2021,bios_jack,False,BIOS,87.19513888888889,0,0,0,0,0,0,0,0
um_242-20210630T1916,2021,um_242,False,NOAA OAP,21.165277777777778,1,0,0,1,1,0,1,0
ru29-20210630T1343,2021,ru29,True,Challenger,14.247916666666667,1,1,0,0,0,1,0,0
bios_jack-20210619T2043,2021,bios_jack,False,BIOS,5.095833333333333,0,0,0,0,0,0,0,0
bios_minnie-20210517T1725,2021,bios_minnie,False,BIOS,52.90902777777777,1,1,0,1,1,0,0,0
sbu01-20210513T1933,2021,sbu01,False,NYDEC,31.965277777777775,1,0,0,1,1,0,1,0
blue-20210513T1406,2021,blue,False,MARACOOS,11.44513888888889,1,0,0,1,1,0,0,0
maracoos_02-20210503T1937,2021,maracoos_02,True,Hurricane Gliders,10.015277777777778,1,1,0,1,1,0,0,0
ru30-20210503T1929,2021,ru30,True,NOAA OAP,23.960416666666664,1,0,0,1,1,0,1,0
bios_minnie-20210405T2126,2021,bios_minnie,False,BIOS,35.94027777777778,0,0,0,0,0,0,0,0
ru32-20210330T1448,2021,ru32,True,NJDEP,20.27638888888889,1,1,0,0,1,0,0,0
ru32-20210316T1728,2021,ru32,True,NJDEP,1.9215277777777777,1,1,0,1,1,0,0,0
sbu01-20210226T1902,2021,sbu01,False,NOAA OAP,25.006944444444443,1,0,0,1,1,0,1,0
ru30-20210226T1647,2021,ru30,True,NOAA OAP,23.072916666666668,1,0,0,1,1,0,1,0
ru34-20210208T2055,2021,ru34,True,ECO-PAM,29.131944444444443,1,0,0,0,1,1,0,1
bios_jack-20210123T2036,2021,bios_jack,False,MAGIC,50.44513888888889,1,1,0,1,1,0,0,0
bios_anna2-20210123T2002,2021,bios_anna2,False,MAGIC,53.19652777777778,1,0,0,2,1,0,0,0
ru33-20201203T1521,2020,ru33,True,Hurricane Gliders,18.297916666666666,2,1,0,0,0,0,0,0
ru34-20201119T1533,2020,ru34,True,ECO-PAM,32.31041666666667,1,0,0,0,1,1,0,1
ru28-20201028T1927,2020,ru28,True,NJDEP,21.884027777777778,1,1,0,1,1,0,0,0
amelia-20201015T1436,2020,amelia,False,Hurricane Gliders,6.850694444444444,1,0,0,1,1,0,0,0
sylvia-20201015T1425,2020,sylvia,False,Hurricane Gliders,26.17013888888889,1,1,0,1,1,0,0,0
ru33-20201014T1746,2020,ru33,True,Hurricane Gliders,36.080555555555556,2,1,0,0,0,0,0,0
ru28-20201009T1155,2020,ru28,True,NJDEP,12.350694444444445,1,1,0,1,1,0,0,0
maracoos_01-20201006T1417,2020,maracoos_01,False,Hurricane Gliders,22.2625,1,0,0,1,0,0,0,0
ru34-20201003T1821,2020,ru34,True,ECO-PAM,33.22777777777778,1,0,0,0,1,1,0,1
blue-20200925T1419,2020,blue,False,MARACOOS,8.197222222222221,1,0,0,1,1,0,0,0
ru29-20200908T1623,2020,ru29,True,Challenger,69.09236111111112,1,1,0,1,0,0,0,0
sylvia-20200903T1327,2020,sylvia,False,Hurricane Gliders,25.34097222222222,1,0,0,1,0,0,0,0
ru34-20200831T1754,2020,ru34,True,ECO-PAM,1.104861111111111,0,0,0,0,0,0,0,0
ru33-20200826T1604,2020,ru33,True,Hurricane Gliders,38.28333333333333,2,0,0,0,0,0,0,0
amelia-20200825T1929,2020,amelia,False,Hurricane Gliders,33.93611111111111,1,0,0,1,1,0,0,0
maracoos_01-20200820T1459,2020,maracoos_01,False,Hurricane Gliders,28.330555555555552,1,0,0,1,0,0,0,0
blue-20200819T1433,2020,blue,False,MARACOOS,6.197916666666667,1,0,0,1,1,0,0,0
ud_134-20200731T2103,2020,ud_134,False,Hurricane Gliders,19.834722222222222,1,0,0,2,0,0,0,0
ud_134-20200729T1559,2020,ud_134,False,Hurricane Gliders,1.0840277777777778,1,0,0,2,0,0,0,0
ru34-20200729T1430,2020,ru34,True,ECO-PAM,28.194444444444443,1,0,0,0,1,1,0,1
ru33-20200715T1558,2020,ru33,True,Hurricane Gliders,36.15,2,0,0,0,0,0,0,0
bios_jack-20200605T1517,2020,bios_jack,False,BIOS,19.1125,1,1,0,1,1,0,0,0
ud_476-20200213T1410,2020,ud_476,False,SWARM,27.391666666666666,1,0,1,2,1,0,0,0
crate-20200213T0854,2020,crate,False,MEPTAG,17.26875,1,1,0,1,0,0,0,0
bios_minnie-20200206T2117,2020,bios_minnie,False,BIOS,23.148611111111112,1,1,0,1,1,0,0,0
ud_476-20200204T1911,2020,ud_476,False,SWARM,6.111111111111111,1,0,1,2,1,0,0,0
ud_476-20200130T1435,2020,ud_476,False,SWARM,2.1145833333333335,1,0,1,2,1,0,0,0
crate-20200130T0820,2020,crate,False,MEPTAG,4.236111111111112,1,1,0,1,0,0,0,0
ru32-20200111T1444,2020,ru32,True,SWARM,60.19027777777777,1,0,0,1,1,0,0,0
ud_476-20200110T1828,2020,ud_476,False,SWARM,14.945833333333333,1,0,1,2,1,0,0,0
unit_507-20200109T1549,2020,unit_507,False,SWARM,43.512499999999996,1,0,1,1,1,0,0,0
bios_jack-20191116T1451,2019,bios_jack,False,BIOS,30.242361111111112,1,1,0,1,1,0,0,0
ru28-20191025T1640,2019,ru28,True,NJDEP,21.14236111111111,1,2,0,1,1,0,0,0
bios_anna-20191023T1142,2019,bios_anna,False,BIOS,15.059722222222222,1,0,0,2,1,0,0,0
bios_minnie-20191021T1612,2019,bios_minnie,False,BIOS,97.12638888888888,1,0,0,2,1,0,0,0
ru30-20191015T1824,2019,ru30,True,OTIC-pH/Hurricane Gliders,22.240972222222222,1,0,0,1,1,0,1,0
ru22-20191014T1645,2019,ru22,True,Hurricane Gliders,26.180555555555557,1,0,0,2,0,0,0,0
ru33-20191014T1643,2019,ru33,True,Hurricane Gliders,32.14513888888889,1,0,0,1,0,0,0,0
sbu01-20191014T1634,2019,sbu01,False,NYDEC,32.19027777777778,1,0,0,1,1,0,0,0
blue-20191014T1359,2019,blue,False,MARACOOS,43.20763888888889,1,0,0,1,1,0,0,0
ru29-20191010T1932,2019,ru29,True,Challenger,21.23263888888889,1,1,0,0,0,0,0,0
ru28-20190926T1413,2019,ru28,True,NJDEP,28.18263888888889,1,2,0,1,1,0,0,0
bios_jack-20190917T0240,2019,bios_jack,False,BIOS,34.538888888888884,1,0,0,2,1,0,0,0
bios_anna-20190910T1222,2019,bios_anna,False,BIOS,41.06111111111111,1,0,0,2,1,0,0,0
ru29-20190906T1535,2019,ru29,True,Challenger,25.347222222222225,1,1,0,0,0,0,0,0
ru26d-20190905T1802,2019,ru26d,False,SWOT,114.22986111111112,1,0,0,0,0,0,0,0
ru22-20190820T1327,2019,ru22,True,Hurricane Gliders,27.679166666666664,1,0,0,2,0,0,0,0
blue-20190815T1711,2019,blue,False,MARACOOS,41.00486111111111,1,0,0,1,1,0,0,0
bios_jack-20190725T1345,2019,bios_jack,False,BIOS,23.371527777777775,1,0,0,2,1,0,0,0
silbo18-20190717T1917,2019,silbo18,False,Challenger,348.1979166666667,1,0,0,0,0,0,0,0
ru30-20190717T1812,2019,ru30,True,MARACOOS,26.07361111111111,1,0,0,1,1,0,1,0
ru28-20190717T1522,2019,ru28,True,NJDEP,20.132638888888888,1,2,0,1,1,0,0,0
sbu01-20190716T1733,2019,sbu01,False,NYDEC,27.070833333333336,1,0,0,1,1,0,0,0
bios_minnie-20190705T1818,2019,bios_minnie,False,BIOS,5.8381944444444445,1,0,0,2,1,0,0,0
bios_anna-20190628T1721,2019,bios_anna,False,BIOS,51.99722222222223,1,0,0,2,1,0,0,0
bios_jack-20190619T1424,2019,bios_jack,False,BIOS,25.889583333333334,1,1,0,1,1,0,0,0
bios_anna-20190606T1502,2019,bios_anna,False,BIOS,21.17222222222222,1,0,0,2,1,0,0,0
bios_jack-20190512T1507,2019,bios_jack,False,BIOS,3.727777777777778,0,0,0,0,0,0,0,0
bios_minnie-20190308T1819,2019,bios_minnie,False,BIOS,89.12222222222222,1,0,0,2,1,0,0,0
ru30-20190227T1625,2019,ru30,True,OTIC-pH,13.680555555555555,1,0,0,1,1,0,1,0
ru30-20190201T1712,2019,ru30,True,OTIC-pH,23.160416666666666,1,0,0,1,1,0,1,0
ru32-20190102T1317,2019,ru32,True,LTER,17.66875,1,0,1,1,0,0,0,0
ud_476-20181112T1258,2018,ud_476,False,MARACOOS,18.09722222222222,1,0,0,1,1,0,0,1
ru28-20181023T1320,2018,ru28,True,NJDEP,21.99791666666667,1,2,0,1,1,0,0,1
ru28-20180920T1334,2018,ru28,True,NJDEP,19.178784722222222,1,2,0,1,1,0,0,1
ru22-20180815T0107,2018,ru22,True,KIOST,9.995138888888889,1,0,0,2,0,0,0,0
ru29-20180812T0220,2018,ru29,True,Challenger,82.13194444444444,1,0,0,0,0,0,0,0
blue-20180806T1400,2018,blue,False,MARACOOS,94.0798611111111,1,0,0,1,0,0,0,0
sylvia-20180802T0930,2018,sylvia,False,MARACOOS,8.420833333333333,1,1,0,2,1,0,0,0
ru33-20180801T1323,2018,ru33,True,MARACOOS,69.2076388888889,1,1,0,1,1,0,0,0
usp03-20180723T1440,2018,usp03,False,USP,94.22222222222223,0,0,0,0,0,0,0,0
ru30-20180705T1825,2018,ru30,True,OTIC-pH,54.13402777777778,1,0,0,1,1,0,1,0
silbo18-20180525T1016,2018,silbo18,False,Challenger,417.2993055555555,1,0,0,0,0,0,0,0
bios_minnie-20180523T1352,2018,bios_minnie,False,BIOS,82.01216435185185,0,0,0,0,0,0,0,0
ru30-20180502T1355,2018,ru30,True,OTIC-pH,20.054166666666667,1,0,0,1,1,0,1,0
ud_476-20180501T1640,2018,ud_476,False,White Shark Cafe,11.556944444444445,0,0,0,0,0,0,0,0
ru28-20180501T1528,2018,ru28,True,NJDEP,20.98402777777778,0,0,0,0,0,0,0,0
amelia-20180501T1341,2018,amelia,False,MARACOOS,12.99861111111111,0,0,0,0,0,0,0,0
sylvia-20180501T0000,2018,sylvia,False,MARACOOS,13.5625,1,1,0,2,1,0,0,0
ud_134-20180427T1307,2018,ud_134,False,MARACOOS,13.10375,1,0,0,1,0,0,0,0
bios_minnie-20180312T1404,2018,bios_minnie,False,BIOS,34.166875,0,0,0,0,0,0,0,0
ud_476-20180116T1500,2018,ud_476,False,MARACOOS,54.947916666666664,0,0,0,0,0,0,0,0
bios_anna-20180111T1426,2018,bios_anna,False,BIOS,94.15131944444444,0,0,0,0,0,0,0,0
ru32-20180109T0531,2018,ru32,True,EAGER,23.843055555555555,1,0,1,1,1,0,0,0
ru25d-20171222T1251,2017,ru25d,False,LTER,28.013194444444448,1,0,0,1,1,0,0,0
bios_minnie-20171212T1422,2017,bios_minnie,False,BIOS,76.20950231481481,0,0,0,0,0,0,0,0
ru26d-20171211T0920,2017,ru26d,False,LTER,49.47297453703703,1,0,0,1,0,0,0,0
dyna585-20171104T1606,2017,dyna585,False,SITMA/ULPGC,16.709722222222222,0,0,0,0,0,0,0,0
bio584-20171104T1605,2017,bio584,False,SITMA/ULPGC,16.674305555555556,0,0,0,0,0,0,0,0
bios_jack-20171103T1649,2017,bios_jack,False,BIOS,38.883865740740745,0,0,0,0,0,0,0,0
ru28-20171019T1322,2017,ru28,True,NJDEP,21.20681712962963,1,2,0,1,1,0,0,1
bios_jack-20170920T1915,2017,bios_jack,False,BIOS,26.900023148148147,0,0,0,0,0,0,0,0
ru28-20170915T1416,2017,ru28,True,NJDEP,18.102083333333333,1,2,0,1,1,0,0,1
striper-20170907T1430,2017,striper,False,MARACOOS,19.78071759259259,0,0,0,0,0,0,0,0
blue-20170831T1436,2017,blue,False,MARACOOS,24.919444444444448,1,0,0,1,1,0,0,0
ud_134-20170825T1533,2017,ud_134,False,MARACOOS,12.936226851851854,0,0,0,0,0,0,0,0
ud_134-20170725T1439,2017,ud_134,False,MARACOOS,19.979791666666667,0,0,0,0,0,0,0,0
bios_anna-20170712T1530,2017,bios_anna,False,BIOS,13.97900462962963,0,0,0,0,0,0,0,0
bio584-20170707T0000,2017,bio584,False,SITMA/ULPGC,18.51736111111111,0,0,0,0,0,0,0,0
dyna585-20170707T0000,2017,dyna585,False,SITMA/ULPGC,17.51736111111111,0,0,0,0,0,0,0,0
bios_jack-20170628T1305,2017,bios_jack,False,BIOS,31.454409722222223,0,0,0,0,0,0,0,0
ru32-20170622T1508,2017,ru32,True,SWOT,50.12952546296296,1,0,0,1,0,0,0,0
ud_134-20170621T1353,2017,ud_134,False,MARACOOS,11.025289351851852,0,0,0,0,0,0,0,0
bios_minnie-20170616T1406,2017,bios_minnie,False,BIOS,87.22847222222221,0,0,0,0,0,0,0,0
bios_jack-20170529T1729,2017,bios_jack,False,BIOS,18.846886574074073,0,0,0,0,0,0,0,0
amelia-20170518T1419,2017,amelia,False,MARACOOS,12.925092592592593,0,0,0,0,0,0,0,0
silbo17-20170514T1125,2017,silbo17,False,Challenger,178.13888888888889,1,0,0,0,0,0,0,0
ru28-20170424T1310,2017,ru28,True,NJDEP,17.909398148148146,1,1,0,1,1,0,0,0
bio584-20170405T0000,2017,bio584,False,ULPGC,5.480555555555555,0,0,0,0,0,0,0,0
bios_jack-20170313T1314,2017,bios_jack,False,BIOS,62.97188657407407,0,0,0,0,0,0,0,0
bios_anna-20170220T1757,2017,bios_anna,False,BIOS,134.9361111111111,0,0,0,0,0,0,0,0
bios_minnie-20170220T1229,2017,bios_minnie,False,BIOS,98.18674768518518,0,0,0,0,0,0,0,0
ru24-20170117T1705,2017,ru24,True,LTER,13.978981481481481,0,0,0,0,0,0,0,0
bios_jack-20170106T1728,2017,bios_jack,False,BIOS,53.87375,0,0,0,0,0,0,0,0
ru29-20161105T0131,2016,ru29,True,Challenger,334.3183333333333,1,0,0,0,0,0,0,0
ru22-20161017T1303,2016,ru22,True,MARACOOS,23.143078703703704,1,0,0,2,0,0,0,0
ru28-20161003T1309,2016,ru28,True,NJDEP,14.010578703703702,1,0,0,1,1,0,0,0
whoi_406-20160902T1700,2016,whoi_406,False,CINAR,18.02777777777778,0,0,0,0,0,0,0,0
ru30-20160901T1316,2016,ru30,True,CINAR,25.25248842592593,0,0,0,0,0,0,0,0
ru28-20160901T1305,2016,ru28,True,NJDEP,21.98263888888889,1,0,0,1,1,0,0,0
ud_134-20160830T1619,2016,ud_134,False,MARACOOS,8.84388888888889,0,0,0,0,0,0,0,0
blue-20160818T1448,2016,blue,False,MARACOOS,6.3625,0,0,0,0,0,0,0,0
ru32-20160810T1309,2016,ru32,True,NJDEP,9.071331018518519,1,0,0,1,1,0,0,0
bios_minnie-20160715T1323,2016,bios_minnie,False,BIOS,21.039444444444445,0,0,0,0,0,0,0,0
ru28-20160714T1410,2016,ru28,True,NJDEP,11.072916666666666,1,0,0,1,1,0,0,0
bios_minnie-20160709T1314,2016,bios_minnie,False,BIOS,3.116087962962963,0,0,0,0,0,0,0,0
bios_jack-20160701T1330,2016,bios_jack,False,BIOS,35.03472222222222,0,0,0,0,0,0,0,0
bios_anna-20160701T1321,2016,bios_anna,False,BIOS,35.04097222222222,0,0,0,0,0,0,0,0
clark-20160624T1800,2016,clark,False,TWRC-RU,237.9027777777778,0,0,0,0,0,0,0,0
sylvia-20160520T1429,2016,sylvia,False,MARES,4.9847222222222225,0,0,0,0,0,0,0,0
blue-20160518T1525,2016,blue,False,MARACOOS,23.140428240740743,0,0,0,0,0,0,0,0
bios_minnie-20160503T1818,2016,bios_minnie,False,BIOS,26.814444444444447,0,0,0,0,0,0,0,0
silbo-20160413T1534,2016,silbo,False,Challenger,329.99027777777775,1,0,0,0,0,0,0,0
ru31-20160322T1503,2016,ru31,True,CONCORDE,15.372916666666667,0,0,0,0,0,0,0,0
amelia-20160227T0418,2016,amelia,False,MARACOOS,15.47996527777778,1,0,0,1,1,0,0,0
ru05-20160202T2023,2016,ru05,True,LTER,15.139583333333334,0,0,0,0,0,0,0,0
ru26d-20160201T1313,2016,ru26d,False,LTER,35.9903125,0,0,0,0,0,0,0,0
ru24-20160201T1252,2016,ru24,True,LTER,6.179965277777778,0,0,0,0,0,0,0,0
ru25d-20160121T0606,2016,ru25d,False,KOPRI,16.475092592592592,1,0,0,1,1,0,0,0
ru31-20160113T1728,2016,ru31,True,CONCORDE,32.018055555555556,0,0,0,0,0,0,0,0
bios_anna-20151214T1815,2015,bios_anna,False,BIOS,162.82777777777778,0,0,0,0,0,0,0,0
ru31-20151028T1652,2015,ru31,True,CONCORDE,7.109456018518518,0,0,0,0,0,0,0,0
ud_134-20151012T1926,2015,ud_134,False,MARACOOS,23.805555555555557,0,0,0,0,0,0,0,0
ru23-20151008T1604,2015,ru23,True,MARACOOS,19.014583333333334,0,0,0,0,0,0,0,0
ud_134-20151007T2056,2015,ud_134,False,MARACOOS,1.086111111111111,0,0,0,0,0,0,0,0
ud_476-20150917T1400,2015,ud_476,False,MARACOOS,67.5,0,0,0,0,0,0,0,0
bios_jack-20150917T1354,2015,bios_jack,False,BIOS,51.275,0,0,0,0,0,0,0,0
bios_minnie-20150917T1354,2015,bios_minnie,False,BIOS,22.129166666666666,0,0,0,0,0,0,0,0
ru28-20150917T1300,2015,ru28,True,NJDEP,20.264583333333334,1,0,0,1,1,0,0,0
ru28-20150818T1506,2015,ru28,True,NJDEP,21.941666666666666,1,0,0,1,1,0,0,0
ru28-20150714T1445,2015,ru28,True,NJDEP,20.01295138888889,1,0,0,1,1,0,0,0
clark-20150709T1803,2015,clark,False,TWRC-RU-JPL-UVI,67.89722222222223,0,0,0,0,0,0,0,0
ru23-20150707T1529,2015,ru23,True,IOOS,0.19375,0,0,0,0,0,0,0,0
blue-20150627T1242,2015,blue,False,MARACOOS,20.083333333333332,0,0,0,0,0,0,0,0
ru29-20150623T1046,2015,ru29,True,Challenger,282.1277777777778,1,0,0,0,0,0,0,0
clark-20150609T1816,2015,clark,False,TWRC-RU-JPL-UVI,26.985416666666666,0,0,0,0,0,0,0,0
bios_anna-20150308T1800,2015,bios_anna,False,BIOS,87.10978009259259,0,0,0,0,0,0,0,0
bios_anna-20150223T1425,2015,bios_anna,False,BIOS,9.106979166666667,0,0,0,0,0,0,0,0
ru05-20150201T2130,2015,ru05,True,CONVERGE,7.042361111111112,1,0,0,2,1,0,0,0
ru24-20150126T1315,2015,ru24,True,LTER,15.954861111111112,0,0,0,0,0,0,0,0
ud_134-20150122T1955,2015,ud_134,False,CONVERGE,24.84583333333333,0,0,0,0,0,0,0,0
ru05-20150115T1443,2015,ru05,True,CONVERGE,16.97013888888889,1,0,0,2,1,0,0,0
ud_134-20150105T1601,2015,ud_134,False,CONVERGE,16.165972222222223,1,0,0,2,1,0,0,0
ru05-20150105T1600,2015,ru05,True,CONVERGE,8.921747685185187,1,0,0,2,1,0,0,0
unit_191-20150105T1443,2015,unit_191,False,CONVERGE,51.91041666666666,1,0,0,1,0,0,0,0
ru24-20150105T1441,2015,ru24,True,LTER,12.9125,0,0,0,0,0,0,0,0
ru26d-20141225T1450,2014,ru26d,False,LTER,37.21527777777778,1,0,0,1,0,0,0,0
ru29-20141117T1306,2014,ru29,True,Challenger,9.21111111111111,1,0,0,0,0,0,0,0
blue-20141106T1553,2014,blue,False,GP2014,15.900694444444445,0,0,0,0,0,0,0,0
blue-20141028T1513,2014,blue,False,GP2014,1.9388888888888889,0,0,0,0,0,0,0,0
bios_anna-20141014T1404,2014,bios_anna,False,BIOS,5.760497685185185,0,0,0,0,0,0,0,0
ru07-20140918T1310,2014,ru07,True,NJDEP,21.014583333333334,1,0,0,0,1,0,0,0
modena-20140917T1736,2014,modena,False,GP2014,22.845138888888886,0,0,0,0,0,0,0,0
ru23-20140916T1430,2014,ru23,True,MARACOOS,13.003472222222221,0,0,0,0,0,0,0,0
usf-bass-20140908T1450,2014,usf-bass,False,GP2014,15.31388888888889,0,0,0,0,0,0,0,0
otn201-20140902T1930,2014,otn201,False,GP2014,21.785416666666666,0,0,0,0,0,0,0,0
unit_308-20140830T2010,2014,unit_308,False,GP2014,31.84375,0,0,0,0,0,0,0,0
otn200-20140828T1840,2014,otn200,False,GP2014,23.743055555555557,0,0,0,0,0,0,0,0
ru22-20140825T1505,2014,ru22,True,SBC,30.98611111111111,0,0,0,0,0,0,0,0
penobscot-20140815T2000,2014,penobscot,False,GP2014,43.708333333333336,0,0,0,0,0,0,0,0
ru28-20140815T1405,2014,ru28,True,NJDEP,20.931250000000002,1,0,0,1,1,0,0,0
ru23-20140814T1239,2014,ru23,True,GP2014,23.212060185185184,0,0,0,0,0,0,0,0
ru22-20140804T1632,2014,ru22,True,SBC,17.960497685185185,0,0,0,0,0,0,0,0
ru28-20140717T1432,2014,ru28,True,NJDEP,19.933796296296297,0,0,0,0,0,0,0,0
ru29-20140711T1422,2014,ru29,True,Challenger,5.9437500000000005,1,0,0,0,0,0,0,0
unit_414-20140703T2100,2014,unit_414,False,CINAR,6.802083333333333,0,0,0,0,0,0,0,0
whoi_406-20140703T1200,2014,whoi_406,False,CINAR,11.333333333333334,0,0,0,0,0,0,0,0
ru30-20140702T2329,2014,ru30,True,CINAR,6.559386574074074,1,1,0,1,1,0,0,0
bios_anna-20140624T1432,2014,bios_anna,False,BIOS,99.87222222222222,0,0,0,0,0,0,0,0
ru30-20140604T1403,2014,ru30,True,CINAR,1.1506944444444445,0,0,0,0,0,0,0,0
whoi_406-20140424T1700,2014,whoi_406,False,CINAR,17.625,0,0,0,0,0,0,0,0
unit_414-20140422T2000,2014,unit_414,False,CINAR,21.740277777777777,0,0,0,0,0,0,0,0
ru30-20140422T1743,2014,ru30,True,CINAR,15.950034722222222,1,1,0,1,1,0,0,0
ru30-20140312T1140,2014,ru30,True,CINAR,0.19444444444444445,0,0,0,0,0,0,0,0
ru01-20140217T1244,2014,ru01,True,LTER,8.056898148148148,0,0,0,0,0,0,0,0
ru01-20140123T1250,2014,ru01,True,LTER,7.089942129629629,0,0,0,0,0,0,0,0
ru01-20140120T1444,2014,ru01,True,LTER,0.8598148148148149,0,0,0,0,0,0,0,0
ud_134-20140113T1518,2014,ud_134,False,ICOOL,2.1368055555555556,0,0,0,0,0,0,0,0
ru25d-20140104T1705,2014,ru25d,False,KOPRI,8.869826388888889,0,0,0,0,0,0,0,0
ru01-20140104T1621,2014,ru01,True,LTER,11.94375,0,0,0,0,0,0,0,0
ru24-20140104T1300,2014,ru24,True,KOPRI,9.323368055555555,0,0,0,0,0,0,0,0
ru29-20131110T1400,2013,ru29,True,Challenger,188.95833333333334,1,0,0,0,0,0,0,0
amelia-20131017T1709,2013,amelia,False,GP2013,19.932488425925925,0,0,0,0,0,0,0,0
ru23-20131017T1614,2013,ru23,True,GP2013,20.013587962962962,0,0,0,0,0,0,0,0
ru22-20130924T2010,2013,ru22,True,GP2013,22.727337962962963,1,0,0,2,0,0,0,0
salacia-20130916T1603,2013,salacia,False,GP2013,18.959722222222222,0,0,0,0,0,0,0,0
otn201-20130916T1448,2013,otn201,False,GP2013,23.99791666666667,0,0,0,0,0,0,0,0
ud_275-20130912T2025,2013,ud_275,False,GP2013,17.94236111111111,0,0,0,0,0,0,0,0
ru28-20130912T1650,2013,ru28,True,GP2013,41.75069444444444,0,0,0,0,0,0,0,0
darwin-20130911T2055,2013,darwin,False,GP2013,13.805555555555555,0,0,0,0,0,0,0,0
modena-20130911T1629,2013,modena,False,GP2013,11.40763888888889,0,0,0,0,0,0,0,0
ru23-20130910T1701,2013,ru23,True,GP2013,16.931261574074075,1,0,0,2,0,0,0,0
penobscot-20130910T1658,2013,penobscot,False,GP2013,35.93888888888889,0,0,0,0,0,0,0,0
otn200-20130910T1551,2013,otn200,False,GP2013,23.860416666666666,0,0,0,0,0,0,0,0
saul-20130906T1504,2013,saul,False,GP2013,19.066666666666666,0,0,0,0,0,0,0,0
blue-20130906T1347,2013,blue,False,GP2013,20.201180555555556,1,0,0,1,1,0,0,0
clark-20130821T2130,2013,clark,False,TWRC-RU,45.33541666666667,0,0,0,0,0,0,0,0
ru07-20130815T1701,2013,ru07,True,SBC,24.92361111111111,0,0,0,0,0,0,0,0
ru05-20130815T1650,2013,ru05,True,SBC,24.95277777777778,0,0,0,0,0,0,0,0
ru28-20130813T1436,2013,ru28,True,NJDEP,13.90763888888889,1,0,0,1,1,0,0,0
nemesis-20130731T1725,2013,nemesis,False,MBARI-TWRC,82.02430555555556,0,0,0,0,0,0,0,0
darwin-20130717T1645,2013,darwin,False,TWRC-RU,29.116006944444447,0,0,0,0,0,0,0,0
ru28-20130717T1434,2013,ru28,True,NJDEP,15.892430555555555,0,0,0,0,0,0,0,0
ud_275-20130410T1224,2013,ud_275,False,MARACOOS,79.09033564814814,0,0,0,0,0,0,0,0
ud_275-20130404T1647,2013,ud_275,False,MARACOOS,2.7972222222222225,0,0,0,0,0,0,0,0
ru23-20130305T2004,2013,ru23,True,MARACOOS,19.688194444444445,0,0,0,0,0,0,0,0
ru24-20130122T1943,2013,ru24,True,LTER,7.805821759259259,0,0,0,0,0,0,0,0
ru29-20130111T0724,2013,ru29,True,Challenger,288.35833333333335,1,0,0,0,0,0,0,0
ru26d-20121222T1945,2012,ru26d,False,LTER,37.08190972222222,1,0,0,1,0,0,0,0
ru25d-20121218T1941,2012,ru25d,False,LTER,41.08510416666667,1,0,0,1,0,0,0,0
ru24-20121207T2035,2012,ru24,True,LTER,13.934027777777779,1,0,0,1,0,0,0,0
ru06-20121207T2001,2012,ru06,True,LTER,10.624305555555555,1,1,0,2,0,0,0,0
ru23-20121025T1944,2012,ru23,True,MARACOOS,10.916666666666666,1,0,0,2,0,0,0,0
ud_275-20121005T1417,2012,ud_275,False,MARACOOS,18.099340277777777,0,0,0,0,0,0,0,0
ru07-20120913T1512,2012,ru07,True,EPA,20.928078703703704,0,0,0,0,0,0,0,0
ru05-20120912T1814,2012,ru05,True,SBC,21.910717592592594,0,0,0,0,0,0,0,0
ru23-20120912T1757,2012,ru23,True,SBC,21.907638888888886,0,0,0,0,0,0,0,0
blue-20120907T1628,2012,blue,False,MARACOOS,21.841817129629632,0,0,0,0,0,0,0,0
darwin-20120907T1505,2012,darwin,False,TWRC-RU,45.11041666666667,0,0,0,0,0,0,0,0
unit_167-20120828T2105,2012,unit_167,False,CWBCS,1.9625000000000001,0,0,0,0,0,0,0,0
unit_159-20120828T1830,2012,unit_159,False,CWBCS,4.2763888888888895,0,0,0,0,0,0,0,0
ru28-20120814T1519,2012,ru28,True,EPA,15.902777777777779,0,0,0,0,0,0,0,0
ru05-20120808T1840,2012,ru05,True,SBC,27.020833333333332,0,0,0,0,0,0,0,0
ru06-20120803T1645,2012,ru06,True,SBC,27.032638888888886,0,0,0,0,0,0,0,0
silbo-20120724T1247,2012,silbo,False,Challenger,375.1340277777778,1,0,0,0,0,0,0,0
ru28-20120710T1438,2012,ru28,True,EPA,19.971527777777776,0,0,0,0,0,0,0,0
ru29-20120619T1719,2012,ru29,True,Challenger,25.900000000000002,1,0,0,0,0,0,0,0
ru01-20120617T1449,2012,ru01,True,ICOOL,1.9243055555555555,0,0,0,0,0,0,0,0
ru07-20120607T1540,2012,ru07,True,EPA,11.888888888888888,0,0,0,0,0,0,0,0
blue-20120531T1413,2012,blue,False,MARACOOS,10.980555555555556,0,0,0,0,0,0,0,0
ru25d-20120520T1307,2012,ru25d,False,ICOOL-Atlantic,26.995011574074073,0,0,0,0,0,0,0,0
darwin-20120514T1503,2012,darwin,False,TWRC-RU,7.271527777777778,0,0,0,0,0,0,0,0
blue-20120401T2023,2012,blue,False,MARACOOS,11.702083333333334,0,0,0,0,0,0,0,0
ru10-20120323T1638,2012,ru10,True,eline,17.971527777777776,0,0,0,0,0,0,0,0
silbo-20120307T1030,2012,silbo,False,Challenger,76.0,0,0,0,0,0,0,0,0
ru24-20120224T1713,2012,ru24,True,LTER,6.0874999999999995,1,0,0,1,0,0,0,0
ru06-20120216T2035,2012,ru06,True,LTER,4.7965277777777775,1,1,0,0,0,0,0,0
ru05-20120216T1757,2012,ru05,True,LTER,14.056909722222223,1,0,0,2,0,0,0,0
ru24-20120216T1742,2012,ru24,True,LTER,6.183460648148148,1,0,0,1,0,0,0,0
ru24-20120124T1853,2012,ru24,True,LTER,5.975694444444444,1,0,0,1,0,0,0,0
ru05-20120119T1449,2012,ru05,True,LTER,9.272222222222222,1,0,0,2,0,0,0,0
ru24-20120118T1748,2012,ru24,True,LTER,4.0576388888888895,1,0,0,1,0,0,0,0
ru06-20120107T1538,2012,ru06,True,LTER,23.11111111111111,0,0,0,0,0,0,0,0
ud_134-20111221T2030,2011,ud_134,False,LTER,11.672222222222222,1,0,0,2,1,0,0,0
ru05-20111214T2032,2011,ru05,True,LTER,13.88125,1,0,0,2,0,0,0,0
ru07-20111214T1711,2011,ru07,True,MURI,23.900000000000002,0,0,0,0,0,0,0,0
ru10-20111210T1200,2011,ru10,True,eline,7.357638888888889,0,0,0,0,0,0,0,0
ru07-20111122T1423,2011,ru07,True,MURI,9.984027777777778,0,0,0,0,0,0,0,0
ru26d-20111120T1554,2011,ru26d,False,LTER,61.8711574074074,1,0,0,1,1,0,0,0
ru26d-20111116T1717,2011,ru26d,False,LTER,0.14652777777777778,0,0,0,0,0,0,0,0
ru15-20111018T1713,2011,ru15,True,MARACOOS,30.870833333333334,0,0,0,0,0,0,0,0
ru07-20111006T1820,2011,ru07,True,EPA,20.74861111111111,1,0,0,1,1,0,0,0
ru06-20110920T1646,2011,ru06,True,SBC,5.945138888888889,0,0,0,0,0,0,0,0
ru06-20110903T1628,2011,ru06,True,SBC,11.966666666666667,0,0,0,0,0,0,0,0
unit_197-20110902T2037,2011,unit_197,False,SBC,9.842361111111112,0,0,0,0,0,0,0,0
ru15-20110902T1403,2011,ru15,True,MARCOOS,27.052083333333332,0,0,0,0,0,0,0,0
ru22-20110823T1112,2011,ru22,True,eline,0.2733333333333334,0,0,0,0,0,0,0,0
ru25d-20110821T1809,2011,ru25d,False,OOI,8.063194444444445,0,0,0,0,0,0,0,0
ru23-20110817T1409,2011,ru23,True,MURI,13.035416666666668,1,0,0,3,0,0,0,0
ru16-20110810T1330,2011,ru16,True,EPA,29.645833333333332,1,0,0,0,1,0,0,0
ru16-20110805T1745,2011,ru16,True,EPA,0.8548611111111111,0,0,0,0,0,0,0,0
ru22-20110802T1624,2011,ru22,True,MARCOOS,16.161805555555556,1,0,0,2,0,0,0,0
ru28-20110713T2010,2011,ru28,True,EPA,0.9513888888888888,0,0,0,0,0,0,0,0
ru28-20110701T1525,2011,ru28,True,EPA,0.20069444444444443,0,0,0,0,0,0,0,0
silbo-20110623T1215,2011,silbo,False,Challenger,163.48263888888889,1,0,0,0,0,0,0,0
ru23-20110414T1338,2011,ru23,True,MURI,25.150694444444444,0,0,0,0,0,0,0,0
silbo-20110413T1600,2011,silbo,False,Challenger,19.85972222222222,1,0,0,0,0,0,0,0
ru22-20110407T1900,2011,ru22,True,MARCOOS,25.875,0,0,0,0,0,0,0,0
ru07-20110204T2215,2011,ru07,True,ross,3.6664351851851857,0,0,0,0,0,0,0,0
ru06-20110201T0312,2011,ru06,True,ross,9.40625,0,0,0,0,0,0,0,0
ru05-20110128T0546,2011,ru05,True,LTER,2.189537037037037,1,0,0,2,0,0,0,0
unit_203-20110121T1840,2011,unit_203,False,MTR,10.944444444444445,0,0,0,0,0,0,0,0
ru05-20110118T1551,2011,ru05,True,LTER,2.8680555555555554,1,0,0,2,0,0,0,0
ud_134-20110115T2355,2011,ud_134,False,LTER,15.591180555555555,1,0,0,1,1,0,0,0
ru21-20110112T0121,2011,ru21,True,LTER,0.15208333333333332,0,0,0,0,0,0,0,0
ud_134-20110110T2238,2011,ud_134,False,LTER,3.9995833333333333,1,0,0,1,1,0,0,0
ru24-20110110T1351,2011,ru24,True,LTER,0.2407175925925926,0,0,0,0,0,0,0,0
ru05-20110108T1549,2011,ru05,True,LTER,3.9555555555555557,1,0,0,2,0,0,0,0
ru25d-20110103T1405,2011,ru25d,False,LTER,28.652777777777775,1,0,0,0,0,0,0,0
ru06-20110101T2108,2011,ru06,True,ASPIRE,3.5743055555555556,0,0,0,0,0,0,0,0
ru06-20101230T0150,2010,ru06,True,ASPIRE,0.17361111111111113,0,0,0,0,0,0,0,0
ru25d-20101218T1500,2010,ru25d,False,LTER,10.006944444444445,1,0,0,0,0,0,0,0
ru06-20101216T0320,2010,ru06,True,ASPIRE,12.90625,0,0,0,0,0,0,0,0
unit_203-20101215T2313,2010,unit_203,False,MTR,29.805555555555557,0,0,0,0,0,0,0,0
ru26d-20101211T0245,2010,ru26d,False,ross,55.18055555555555,0,0,0,0,0,0,0,0
nemesis-20101126T1545,2010,nemesis,False,TWRC-RU,33.95138888888889,0,0,0,0,0,0,0,0
ru23-20101104T1440,2010,ru23,True,IOOS,13.130555555555555,0,0,0,0,0,0,0,0
ru16-20101102T1739,2010,ru16,True,NJDEP,16.764583333333334,1,0,0,1,1,0,0,0
ru22-20101025T1558,2010,ru22,True,MARCOOS,24.01875,0,0,0,0,0,0,0,0
ru10-20101010T1730,2010,ru10,True,MURI,10.892361111111112,0,0,0,0,0,0,0,0
ru16-20101008T1325,2010,ru16,True,NJDEP,17.088194444444444,0,0,0,0,0,0,0,0
ru23-20101001T1850,2010,ru23,True,IOOS,20.888194444444444,0,0,0,0,0,0,0,0
ru16-20100924T1545,2010,ru16,True,NJDEP,1.997222222222222,0,0,0,0,0,0,0,0
ru22-20100923T1426,2010,ru22,True,MURI,25.075694444444448,0,0,0,0,0,0,0,0
waldo-20100903T1835,2010,waldo,False,IOOS,18.87152777777778,0,0,0,0,0,0,0,0
ru16-20100901T1445,2010,ru16,True,NJDEP,19.08263888888889,1,0,0,1,1,0,0,0
ru16-20100820T1425,2010,ru16,True,NJDEP,10.190972222222223,1,0,0,1,1,0,0,0
ru23-20100803T1953,2010,ru23,True,IOOS,24.838194444444444,0,0,0,0,0,0,0,0
ru01-20100803T1618,2010,ru01,True,eline,28.95625,1,0,0,0,0,0,0,0
ru21-20100722T1631,2010,ru21,True,eline,11.968055555555557,0,0,0,0,0,0,0,0
waldo-20100719T1854,2010,waldo,False,IOOS,27.879166666666666,0,0,0,0,0,0,0,0
sam-20100713T1913,2010,sam,False,IOOS,27.824305555555554,0,0,0,0,0,0,0,0
ud_134-20100702T1555,2010,ud_134,False,IOOS,24.912499999999998,0,0,0,0,0,0,0,0
ud_134-20100630T1825,2010,ud_134,False,IOOS,0.16458333333333333,0,0,0,0,0,0,0,0
ru23-20100622T2018,2010,ru23,True,IOOS,9.924999999999999,0,0,0,0,0,0,0,0
usf-bass-20100622T1500,2010,usf-bass,False,IOOS,20.604166666666668,0,0,0,0,0,0,0,0
waldo-20100615T1928,2010,waldo,False,IOOS,23.829166666666666,0,0,0,0,0,0,0,0
usf-bass-20100608T1800,2010,usf-bass,False,IOOS,5.934027777777778,0,0,0,0,0,0,0,0
ru23-20100603T1540,2010,ru23,True,IOOS,17.894444444444442,0,0,0,0,0,0,0,0
ud_134-20100602T1515,2010,ud_134,False,IOOS,25.940972222222225,0,0,0,0,0,0,0,0
sam-20100527T2035,2010,sam,False,IOOS,11.522222222222224,0,0,0,0,0,0,0,0
waldo-20100525T1935,2010,waldo,False,IOOS,2.892361111111111,0,0,0,0,0,0,0,0
usf-bass-20100523T1325,2010,usf-bass,False,IOOS,3.965277777777778,0,0,0,0,0,0,0,0
ru21-20100517T1555,2010,ru21,True,IOOS,34.92638888888889,1,0,0,1,0,0,0,0
ru26d-20100402T1556,2010,ru26d,False,CaRA,76.00277777777778,0,0,0,0,0,0,0,0
ru26d-20100321T1500,2010,ru26d,False,CaRA,9.969444444444445,0,0,0,0,0,0,0,0
cook-20100321T1440,2010,cook,False,TWRC-RU,107.99791666666665,0,0,0,0,0,0,0,0
ru26d-20100320T2121,2010,ru26d,False,CaRA,0.02291666666666667,0,0,0,0,0,0,0,0
ru26d-20100319T1750,2010,ru26d,False,CaRA,0.8715277777777778,0,0,0,0,0,0,0,0
ru21-20100319T1455,2010,ru21,True,MURI,24.19934027777778,0,0,0,0,0,0,0,0
ru22-20100302T2110,2010,ru22,True,MARCOOS,16.743055555555554,0,0,0,0,0,0,0,0
ru07-20100203T1806,2010,ru07,True,eline,6.011805555555555,1,0,0,0,0,0,0,0
ru06-20100127T1655,2010,ru06,True,LTER,1.954861111111111,1,0,0,2,0,0,0,0
ru06-20100125T2305,2010,ru06,True,LTER,0.21875,1,0,0,2,0,0,0,0
ru06-20100117T2255,2010,ru06,True,LTER,6.503472222222222,1,0,0,2,0,0,0,0
ru06-20100108T1145,2010,ru06,True,LTER,2.163194444444444,1,0,0,2,0,0,0,0
ru06-20091224T0015,2009,ru06,True,LTER,8.927083333333334,0,0,0,0,0,0,0,0
ru24-20091202T1430,2009,ru24,True,LTER,0.07638888888888888,0,0,0,0,0,0,0,0
ru06-20091202T1424,2009,ru06,True,LTER,15.004166666666668,1,0,0,2,0,0,0,0
ru16-20091124T1839,2009,ru16,True,NORUS,7.0687500000000005,0,0,0,0,0,0,0,0
ru25d-20091111T1255,2009,ru25d,False,LTER,22.49513888888889,1,0,0,1,0,0,0,0
ud_134-20091105T1752,2009,ud_134,False,OSSE,14.866666666666667,0,0,0,0,0,0,0,0
ru05-20091030T1653,2009,ru05,True,OSSE,20.90625,0,0,0,0,0,0,0,0
ru21-20091030T1633,2009,ru21,True,OSSE,20.997916666666665,0,0,0,0,0,0,0,0
ru23-20091030T1601,2009,ru23,True,OSSE,21.022916666666667,0,0,0,0,0,0,0,0
ru15-20091015T1421,2009,ru15,True,MURI,21.145833333333332,0,0,0,0,0,0,0,0
ru23-20090921T1813,2009,ru23,True,eline,29.045833333333334,0,0,0,0,0,0,0,0
ru22-20090921T1654,2009,ru22,True,MARCOOS,28.930555555555557,0,0,0,0,0,0,0,0
ru05-20090826T1701,2009,ru05,True,NJDEP,13.308333333333332,1,0,0,2,1,0,0,0
ru05-20090820T1557,2009,ru05,True,NJDEP,3.898611111111111,0,0,0,0,0,0,0,0
drake-20090809T0618,2009,drake,False,TWRC-RU,106.65416666666665,0,0,0,0,0,0,0,0
ru21-20090721T2215,2009,ru21,True,PWSP,11.850694444444445,0,0,0,0,0,0,0,0
ru07-20090721T1251,2009,ru07,True,NORUS,12.0,0,0,0,0,0,0,0,0
ru07-20090630T1515,2009,ru07,True,NORUS,15.802777777777777,0,0,0,0,0,0,0,0
ru06-20090624T1918,2009,ru06,True,eline,14.844444444444443,1,0,0,2,0,0,0,0
ru24-20090624T1840,2009,ru24,True,eline,14.886805555555556,0,0,0,0,0,0,0,0
ru27-20090427T1615,2009,ru27,True,Challenger,220.82569444444445,1,0,0,0,0,0,0,0
ru22-20090322T1354,2009,ru22,True,MARCOOS,28.041666666666668,0,0,0,0,0,0,0,0
ru23-20090313T1913,2009,ru23,True,MARCOOS,2.9805555555555556,0,0,0,0,0,0,0,0
ru21-20090313T1438,2009,ru21,True,MURI,18.002777777777776,0,0,0,0,0,0,0,0
ru27-20090218T1500,2009,ru27,True,Challenger,23.19027777777778,1,0,0,0,0,0,0,0
ru16-20090213T1304,2009,ru16,True,CalVal,7.968055555555555,0,0,0,0,0,0,0,0
ru01-20090213T1157,2009,ru01,True,CalVal,7.950694444444444,0,0,0,0,0,0,0,0
ru25d-20090204T0117,2009,ru25d,False,CaRA,22.48888888888889,0,0,0,0,0,0,0,0
ru07-20090121T1839,2009,ru07,True,eline,15.904166666666667,1,0,0,0,1,0,0,0
ru05-20090119T1757,2009,ru05,True,LTER,9.965277777777777,1,0,0,2,0,0,0,0
ru15-20081214T1659,2008,ru15,True,eline,26.135416666666668,0,0,0,0,0,0,0,0
ru05-20081213T1410,2008,ru05,True,LTER,8.99236111111111,0,0,0,0,0,0,0,0
ru23-20081111T1702,2008,ru23,True,eline,2.923611111111111,1,0,0,1,0,0,0,0
ru20-20081017T1610,2008,ru20,True,ESPreSSO,2.368055555555556,0,0,0,0,0,0,0,0
ru15-20081014T1705,2008,ru15,True,ESPreSSO,7.631944444444444,0,0,0,0,0,0,0,0
ru07-20081014T1700,2008,ru07,True,eline,9.760416666666666,1,0,0,0,1,0,0,0
ru16-20080923T1109,2008,ru16,True,CalVal,5.035416666666666,0,0,0,0,0,0,0,0
ru01-20080923T0900,2008,ru01,True,CalVal,17.041666666666668,0,0,0,0,0,0,0,0
ru22-20080917T1555,2008,ru22,True,MARCOOS,34.99652777777778,0,0,0,0,0,0,0,0
ru18-20080911T1500,2008,ru18,True,MURI,32.87222222222222,0,0,0,0,0,0,0,0
ru10-20080904T1800,2008,ru10,True,eline,29.955555555555552,1,0,0,0,0,0,0,0
ru22-20080731T1700,2008,ru22,True,eline,35.166666666666664,1,0,0,0,0,0,0,0
ru05-20080718T2230,2008,ru05,True,RIMPAC,7.145833333333333,0,0,0,0,0,0,0,0
ru05-20080707T2325,2008,ru05,True,RIMPAC,4.397222222222222,0,0,0,0,0,0,0,0
ru16-20080703T0534,2008,ru16,True,RIMPAC,21.709027777777777,0,0,0,0,0,0,0,0
ru01-20080613T1429,2008,ru01,True,BALTOPS,9.73263888888889,0,0,0,0,0,0,0,0
ru05-20080608T1510,2008,ru05,True,ESPreSSO,6.048611111111111,0,0,0,0,0,0,0,0
ru17-20080521T1758,2008,ru17,True,Challenger,160.0222222222222,1,0,0,0,0,0,0,0
ru16-20080516T1617,2008,ru16,True,ESPreSSO,21.270833333333332,0,0,0,0,0,0,0,0
ru05-20080515T2208,2008,ru05,True,ESPreSSO,22.270833333333332,0,0,0,0,0,0,0,0
ru10-20080430T1700,2008,ru10,True,eline,14.966666666666667,1,0,0,0,0,0,0,0
ru20-20080430T1645,2008,ru20,True,eline,19.013194444444444,1,0,0,0,0,0,0,0
ru07-20080424T2012,2008,ru07,True,eline,5.895833333333333,1,0,0,1,1,0,0,0
ru05-20080403T1505,2008,ru05,True,MURI,18.90138888888889,0,0,0,0,0,0,0,0
ru10-20080314T1600,2008,ru10,True,MARCOOS,4.201388888888888,0,0,0,0,0,0,0,0
ru06-20080314T1447,2008,ru06,True,MURI,20.036805555555556,0,0,0,0,0,0,0,0
ru20-20080314T1357,2008,ru20,True,MURI,4.252083333333333,0,0,0,0,0,0,0,0
ru15-20080307T1725,2008,ru15,True,ICOOL,51.982638888888886,0,0,0,0,0,0,0,0
ru17-20071211T1955,2007,ru17,True,Challenger,48.80347222222222,1,0,0,0,0,0,0,0
ru01-20071128T1934,2007,ru01,True,MURI,21.68263888888889,0,0,0,0,0,0,0,0
ru16-20071019T1235,2007,ru16,True,CaRA,14.081249999999999,0,0,0,0,0,0,0,0
ru06-20071005T1438,2007,ru06,True,MARCOOS,22.27916666666667,0,0,0,0,0,0,0,0
ru05-20070925T1542,2007,ru05,True,MURI,21.99513888888889,0,0,0,0,0,0,0,0
ru06-20070913T1811,2007,ru06,True,CBLAST,11.765277777777778,0,0,0,0,0,0,0,0
ru15-20070906T1712,2007,ru15,True,eline,17.928472222222222,1,0,0,0,0,0,0,0
ru01-20070824T1445,2007,ru01,True,CBLAST,4.21875,0,0,0,0,0,0,0,0
ru05-20070824T1411,2007,ru05,True,CBLAST,20.146527777777777,0,0,0,0,0,0,0,0
ru06-20070815T1648,2007,ru06,True,CBLAST,8.768749999999999,0,0,0,0,0,0,0,0
ru17-20070809T2040,2007,ru17,True,Challenger,14.72013888888889,1,0,0,0,0,0,0,0
ru10-20070809T2007,2007,ru10,True,eline,14.997222222222222,1,0,0,0,0,0,0,0
ru01-20070718T1541,2007,ru01,True,MARCOOS,27.874305555555555,0,0,0,0,0,0,0,0
ru16-20070718T1351,2007,ru16,True,MURI,10.833333333333334,0,0,0,0,0,0,0,0
ru07-20070702T1728,2007,ru07,True,eline,11.977777777777776,1,0,0,2,0,0,0,0
ru15-20070702T1723,2007,ru15,True,eline,10.870138888888889,1,0,0,0,0,0,0,0
ru06-20070626T2240,2007,ru06,True,eline,17.885416666666668,1,0,0,2,0,0,0,0
ru16-20070619T1626,2007,ru16,True,eline,1.6409722222222223,1,0,0,2,0,0,0,0
ru15-20070607T1735,2007,ru15,True,eline,11.996527777777779,1,0,0,0,0,0,0,0
ru17-20070523T1644,2007,ru17,True,MURI,26.96597222222222,0,0,0,0,0,0,0,0
ru06-20070426T1727,2007,ru06,True,MURI,24.902083333333334,0,0,0,0,0,0,0,0
ru15-20070403T1449,2007,ru15,True,eline,3.238888888888889,1,0,0,0,0,0,0,0
ru16-20070313T1351,2007,ru16,True,MURI,24.099305555555556,0,0,0,0,0,0,0,0
ru01-20070307T1434,2007,ru01,True,midshelf,26.978472222222223,0,0,0,0,0,0,0,0
ru01-20070201T1606,2007,ru01,True,eline,10.985416666666666,1,0,0,0,0,0,0,0
ru16-20070123T1639,2007,ru16,True,eline,8.915972222222221,1,0,0,2,0,0,0,0
ru06-20070109T1733,2007,ru06,True,LTER,22.27638888888889,1,0,0,2,0,0,0,0
ru12-20061110T1708,2006,ru12,True,eline,32.020833333333336,1,0,0,0,0,0,0,0
ru14-20061107T1708,2006,ru14,True,eline,2.935416666666667,1,0,0,0,0,0,0,0
ru06-20060926T1733,2006,ru06,True,hb,5.952777777777778,0,0,0,0,0,0,0,0
ru06-20060917T1647,2006,ru06,True,hb,8.957638888888889,0,0,0,0,0,0,0,0
ru05-20060908T1625,2006,ru05,True,SW06,14.024305555555555,0,0,0,0,0,0,0,0
ru09-20060905T1912,2006,ru09,True,SW06,12.886111111111111,0,0,0,0,0,0,0,0
ru06-20060824T2145,2006,ru06,True,ASAP,20.64236111111111,0,0,0,0,0,0,0,0
ru01-20060822T1914,2006,ru01,True,SW06,35.90902777777778,0,0,0,0,0,0,0,0
ru12-20060822T1703,2006,ru12,True,SW06,44.24375,0,0,0,0,0,0,0,0
ru07-20060822T1656,2006,ru07,True,SW06,34.023611111111116,0,0,0,0,0,0,0,0
ru11-20060817T1718,2006,ru11,True,SW06,31.98888888888889,0,0,0,0,0,0,0,0
ru10-20060817T1637,2006,ru10,True,SW06,27.913888888888888,0,0,0,0,0,0,0,0
ru09-20060809T1503,2006,ru09,True,SW06,13.079166666666666,0,0,0,0,0,0,0,0
ru05-20060807T1821,2006,ru05,True,SW06,28.88611111111111,0,0,0,0,0,0,0,0
ru06-20060802T1814,2006,ru06,True,ASAP,21.820833333333336,0,0,0,0,0,0,0,0
ru09-20060802T1739,2006,ru09,True,SW06,3.9555555555555557,0,0,0,0,0,0,0,0
ru12-20060731T2002,2006,ru12,True,SW06,15.174305555555556,0,0,0,0,0,0,0,0
ru11-20060731T1911,2006,ru11,True,SW06,5.929166666666667,0,0,0,0,0,0,0,0
ru10-20060731T1641,2006,ru10,True,SW06,8.378472222222223,0,0,0,0,0,0,0,0
ru07-20060731T1629,2006,ru07,True,SW06,3.178472222222222,0,0,0,0,0,0,0,0
ru01-20060719T1936,2006,ru01,True,SW06,21.847916666666666,0,0,0,0,0,0,0,0
jane-20060719T1932,2006,jane,False,SW06,18.755555555555556,0,0,0,0,0,0,0,0
ru09-20060717T1945,2006,ru09,True,SW06,0.7069444444444444,0,0,0,0,0,0,0,0
ru07-20060712T1427,2006,ru07,True,SW06,5.879861111111111,0,0,0,0,0,0,0,0
ru09-20060712T1355,2006,ru09,True,SW06,1.0486111111111112,0,0,0,0,0,0,0,0
ru05-20060707T1918,2006,ru05,True,RIMPAC,10.947916666666666,0,0,0,0,0,0,0,0
ru05-20060628T0016,2006,ru05,True,RIMPAC,2.086805555555556,0,0,0,0,0,0,0,0
ru05-20060627T0015,2006,ru05,True,RIMPAC,0.7374999999999999,0,0,0,0,0,0,0,0
ru05-20060624T0215,2006,ru05,True,RIMPAC,0.9791666666666666,0,0,0,0,0,0,0,0
ru07-20060614T1455,2006,ru07,True,eline,15.174999999999999,1,0,0,0,0,0,0,0
ru05-20060531T1733,2006,ru05,True,eline,1.923611111111111,1,0,0,2,0,0,0,0
ru07-20060518T1746,2006,ru07,True,eline,5.854861111111112,1,0,0,0,0,0,0,0
ru07-20060503T0228,2006,ru07,True,LaTTE,3.5854166666666667,0,0,0,0,0,0,0,0
ru05-20060427T1451,2006,ru05,True,eline,7.0062500000000005,1,0,0,0,0,0,0,0
ru06-20060426T1400,2006,ru06,True,LaTTE,8.197916666666666,0,0,0,0,0,0,0,0
ru05-20060406T1539,2006,ru05,True,eline,18.396527777777777,1,0,0,0,0,0,0,0
darwin-20060117T0223,2006,darwin,False,perth,21.98263888888889,0,0,0,0,0,0,0,0
ru05-20060112T1642,2006,ru05,True,eline,20.993055555555554,1,0,0,0,0,0,0,0
ru05-20051212T1845,2005,ru05,True,eline,6.886805555555555,1,0,0,0,0,0,0,0
ru06-20051026T1104,2005,ru06,True,LBCO,21.986805555555552,0,0,0,0,0,0,0,0
ru08-20051006T1457,2005,ru08,True,CBLAST,8.472916666666666,0,0,0,0,0,0,0,0
ru05-20051006T1430,2005,ru05,True,CBLAST,14.144444444444444,0,0,0,0,0,0,0,0
ru07-20050922T1407,2005,ru07,True,SHAREM151,10.90625,0,0,0,0,0,0,0,0
ru01-20050922T1037,2005,ru01,True,SHAREM151,1.2090277777777778,0,0,0,0,0,0,0,0
ru05-20050908T1608,2005,ru05,True,CBLAST,24.914583333333336,0,0,0,0,0,0,0,0
ru06-20050906T0549,2005,ru06,True,GLOBEC,6.167361111111112,0,0,0,0,0,0,0,0
ru02-20050809T1940,2005,ru02,True,EDDIES,7.836805555555556,0,0,0,0,0,0,0,0
ru05-20050809T1403,2005,ru05,True,eline,8.012500000000001,1,0,0,0,0,0,0,0
ru01-20050713T1620,2005,ru01,True,eline,16.88611111111111,1,0,0,0,0,0,0,0
ru05-20050713T1543,2005,ru05,True,eline,16.939583333333335,1,0,0,0,0,0,0,0
ru02-20050706T1249,2005,ru02,True,EDDIES,27.272222222222222,0,0,0,0,0,0,0,0
ru01-20050517T1406,2005,ru01,True,eline,25.118055555555557,1,0,0,0,0,0,0,0
ru02-20050419T1345,2005,ru02,True,MIREM,0.2673611111111111,0,0,0,0,0,0,0,0
ru05-20050418T1527,2005,ru05,True,LaTTE,10.038194444444445,0,0,0,0,0,0,0,0
ru02-20041130T1530,2004,ru02,True,eline,17.20486111111111,0,0,0,0,0,0,0,0
ru02-20041029T1345,2004,ru02,True,eline,13.076388888888888,0,0,0,0,0,0,0,0
ru01-20040928T1910,2004,ru01,True,eline,13.246527777777779,1,0,0,0,0,0,0,0
ru02-20040916T1455,2004,ru02,True,eline,26.82638888888889,0,0,0,0,0,0,0,0
ru01-20040817T1500,2004,ru01,True,eline,12.923611111111112,1,0,0,0,0,0,0,0
ru02-20040814T0835,2004,ru02,True,AOPEX,1.923611111111111,0,0,0,0,0,0,0,0
ru02-20040812T0530,2004,ru02,True,AOPEX,0.3854166666666667,0,0,0,0,0,0,0,0
ru02-20040806T0555,2004,ru02,True,AOPEX,4.40625,0,0,0,0,0,0,0,0
ru02-20040804T0430,2004,ru02,True,AOPEX,0.4618055555555556,0,0,0,0,0,0,0,0
ru01-20040802T1700,2004,ru01,True,EcoHAB,3.9270833333333335,0,0,0,0,0,0,0,0
ru02-20040731T0555,2004,ru02,True,AOPEX,3.579861111111111,0,0,0,0,0,0,0,0
ru01-20040726T1435,2004,ru01,True,EcoHAB,2.75,0,0,0,0,0,0,0,0
ru01-20040629T1320,2004,ru01,True,eline,10.131944444444445,1,0,0,0,0,0,0,0
ru01-20040608T1430,2004,ru01,True,eline,15.96875,1,0,0,0,0,0,0,0
ru04-20040601T1645,2004,ru04,True,LaTTE,8.135416666666666,0,0,0,0,0,0,0,0
ru01-20040504T1350,2004,ru01,True,LaTTE-eline,17.083333333333332,0,0,0,0,0,0,0,0
ru02-20040429T1515,2004,ru02,True,LaTTE,3.1875,0,0,0,0,0,0,0,0
ru02-20040205T1355,2004,ru02,True,eline,21.22222222222222,0,0,0,0,0,0,0,0
ru01-20040115T1550,2004,ru01,True,EcoHAB,1.2673611111111112,0,0,0,0,0,0,0,0
ru02-20040114T1830,2004,ru02,True,eline,15.916666666666666,0,0,0,0,0,0,0,0
ru03-20031203T1800,2003,ru03,True,eline,14.958333333333334,1,0,0,0,0,0,0,0
ru01-20031112T1630,2003,ru01,True,EcoHAB,1.090277777777778,0,0,0,0,0,0,0,0
ru01-20031105T2000,2003,ru01,True,EcoHAB,2.8125,0,0,0,0,0,0,0,0
ru04-20031105T1930,2003,ru04,True,EcoHAB,1.7291666666666667,1,0,0,2,0,0,0,0
ru02-20031104T1900,2003,ru02,True,EcoHAB,8.979166666666666,1,0,0,2,0,0,0,0
ru03-20031028T1656,2003,ru03,True,eline,21.225694444444446,1,0,0,0,0,0,0,0
